image_filename,image_path
Faba-Seed-CC_Vf106-1-2.JPG,work\sampled_images\Faba-Seed-CC_Vf106-1-2.JPG
Faba-Seed-CC_Vf122-1-2.JPG,work\sampled_images\Faba-Seed-CC_Vf122-1-2.JPG
Faba-Seed-CC_Vf124-1-2.JPG,work\sampled_images\Faba-Seed-CC_Vf124-1-2.JPG
Faba-Seed-CC_Vf127-1-2.JPG,work\sampled_images\Faba-Seed-CC_Vf127-1-2.JPG
Faba-Seed-CC_Vf129-1-1.JPG,work\sampled_images\Faba-Seed-CC_Vf129-1-1.JPG
Faba-Seed-CC_Vf182-1-2.JPG,work\sampled_images\Faba-Seed-CC_Vf182-1-2.JPG
Faba-Seed-CC_Vf187-1-1.JPG,work\sampled_images\Faba-Seed-CC_Vf187-1-1.JPG
Faba-Seed-CC_Vf188-1-3.JPG,work\sampled_images\Faba-Seed-CC_Vf188-1-3.JPG
Faba-Seed-CC_Vf192-1-2.JPG,work\sampled_images\Faba-Seed-CC_Vf192-1-2.JPG
Faba-Seed-CC_Vf198-1-2.JPG,work\sampled_images\Faba-Seed-CC_Vf198-1-2.JPG
Faba-Seed-CC_Vf206-1-1.JPG,work\sampled_images\Faba-Seed-CC_Vf206-1-1.JPG
Faba-Seed-CC_Vf236-3-1.JPG,work\sampled_images\Faba-Seed-CC_Vf236-3-1.JPG
Faba-Seed-CC_Vf253-1-1.JPG,work\sampled_images\Faba-Seed-CC_Vf253-1-1.JPG
Faba-Seed-CC_Vf257-1-1.JPG,work\sampled_images\Faba-Seed-CC_Vf257-1-1.JPG
Faba-Seed-CC_Vf300-3-1.JPG,work\sampled_images\Faba-Seed-CC_Vf300-3-1.JPG
Faba-Seed-CC_Vf321-3-1.JPG,work\sampled_images\Faba-Seed-CC_Vf321-3-1.JPG
Faba-Seed-CC_Vf324-3-1.JPG,work\sampled_images\Faba-Seed-CC_Vf324-3-1.JPG
Faba-Seed-CC_Vf326-3-1.JPG,work\sampled_images\Faba-Seed-CC_Vf326-3-1.JPG
Faba-Seed-CC_Vf329-3-1.JPG,work\sampled_images\Faba-Seed-CC_Vf329-3-1.JPG
Faba-Seed-CC_Vf339-1-1.JPG,work\sampled_images\Faba-Seed-CC_Vf339-1-1.JPG
Faba-Seed-CC_Vf353-3-1.JPG,work\sampled_images\Faba-Seed-CC_Vf353-3-1.JPG
Faba-Seed-CC_Vf390-1-1.JPG,work\sampled_images\Faba-Seed-CC_Vf390-1-1.JPG
Faba-Seed-CC_Vf393-1-1.JPG,work\sampled_images\Faba-Seed-CC_Vf393-1-1.JPG
Faba-Seed-CC_Vf466-3-1.JPG,work\sampled_images\Faba-Seed-CC_Vf466-3-1.JPG
Faba-Seed-CC_Vf470-3-1.JPG,work\sampled_images\Faba-Seed-CC_Vf470-3-1.JPG
Faba-Seed-CC_Vf515-1-1.JPG,work\sampled_images\Faba-Seed-CC_Vf515-1-1.JPG
Faba-Seed-CC_Vf553-1-1.JPG,work\sampled_images\Faba-Seed-CC_Vf553-1-1.JPG
Faba-Seed-CC_Vf556-1-1.JPG,work\sampled_images\Faba-Seed-CC_Vf556-1-1.JPG
Faba-Seed-CC_Vf584-3-1.JPG,work\sampled_images\Faba-Seed-CC_Vf584-3-1.JPG
Faba-Seed-CC_Vf639-1-1.JPG,work\sampled_images\Faba-Seed-CC_Vf639-1-1.JPG
